{
    "Logistic Regression": {
        "accuracy": 0.7388218594748048,
        "precision": 0.5051903114186851,
        "recall": 0.7807486631016043,
        "f1_score": 0.6134453781512605,
        "roc_auc": 0.8412333049161694,
        "classification_report": {
            "0": {
                "precision": 0.901323706377858,
                "recall": 0.7236714975845411,
                "f1-score": 0.8027867095391211,
                "support": 1035.0
            },
            "1": {
                "precision": 0.5051903114186851,
                "recall": 0.7807486631016043,
                "f1-score": 0.6134453781512605,
                "support": 374.0
            },
            "accuracy": 0.7388218594748048,
            "macro avg": {
                "precision": 0.7032570088982715,
                "recall": 0.7522100803430727,
                "f1-score": 0.7081160438451908,
                "support": 1409.0
            },
            "weighted avg": {
                "precision": 0.7961754524994118,
                "recall": 0.7388218594748048,
                "f1-score": 0.7525286130600155,
                "support": 1409.0
            }
        },
        "confusion_matrix": [
            [
                749,
                286
            ],
            [
                82,
                292
            ]
        ]
    },
    "Random Forest": {
        "accuracy": 0.772888573456352,
        "precision": 0.5622119815668203,
        "recall": 0.6524064171122995,
        "f1_score": 0.6039603960396039,
        "roc_auc": 0.8267444263607948,
        "classification_report": {
            "0": {
                "precision": 0.8666666666666667,
                "recall": 0.8164251207729468,
                "f1-score": 0.8407960199004975,
                "support": 1035.0
            },
            "1": {
                "precision": 0.5622119815668203,
                "recall": 0.6524064171122995,
                "f1-score": 0.6039603960396039,
                "support": 374.0
            },
            "accuracy": 0.772888573456352,
            "macro avg": {
                "precision": 0.7144393241167435,
                "recall": 0.7344157689426232,
                "f1-score": 0.7223782079700507,
                "support": 1409.0
            },
            "weighted avg": {
                "precision": 0.7858532868034002,
                "recall": 0.772888573456352,
                "f1-score": 0.777931205618046,
                "support": 1409.0
            }
        },
        "confusion_matrix": [
            [
                845,
                190
            ],
            [
                130,
                244
            ]
        ]
    }
}