{
    "Logistic Regression": {
        "accuracy": 0.7388218594748048,
        "precision": 0.5051903114186851,
        "recall": 0.7807486631016043,
        "f1_score": 0.6134453781512605,
        "roc_auc": 0.8412333049161694,
        "classification_report": {
            "0": {
                "precision": 0.901323706377858,
                "recall": 0.7236714975845411,
                "f1-score": 0.8027867095391211,
                "support": 1035.0
            },
            "1": {
                "precision": 0.5051903114186851,
                "recall": 0.7807486631016043,
                "f1-score": 0.6134453781512605,
                "support": 374.0
            },
            "accuracy": 0.7388218594748048,
            "macro avg": {
                "precision": 0.7032570088982715,
                "recall": 0.7522100803430727,
                "f1-score": 0.7081160438451908,
                "support": 1409.0
            },
            "weighted avg": {
                "precision": 0.7961754524994118,
                "recall": 0.7388218594748048,
                "f1-score": 0.7525286130600155,
                "support": 1409.0
            }
        },
        "confusion_matrix": [
            [
                749,
                286
            ],
            [
                82,
                292
            ]
        ]
    },
    "Random Forest": {
        "accuracy": 0.7899219304471257,
        "precision": 0.6335616438356164,
        "recall": 0.4946524064171123,
        "f1_score": 0.5555555555555556,
        "roc_auc": 0.8220297605208089,
        "classification_report": {
            "0": {
                "precision": 0.8307967770814683,
                "recall": 0.8966183574879227,
                "f1-score": 0.862453531598513,
                "support": 1035.0
            },
            "1": {
                "precision": 0.6335616438356164,
                "recall": 0.4946524064171123,
                "f1-score": 0.5555555555555556,
                "support": 374.0
            },
            "accuracy": 0.7899219304471257,
            "macro avg": {
                "precision": 0.7321792104585423,
                "recall": 0.6956353819525175,
                "f1-score": 0.7090045435770342,
                "support": 1409.0
            },
            "weighted avg": {
                "precision": 0.7784433776251527,
                "recall": 0.7899219304471257,
                "f1-score": 0.7809916131882461,
                "support": 1409.0
            }
        },
        "confusion_matrix": [
            [
                928,
                107
            ],
            [
                189,
                185
            ]
        ]
    }
}